{
  "WallPaperDetails": [
    {
      "FilePath": "D:\\LiveWallpapers\\black-background-with-goku-dragon-ball-z.1920x1080 (online-video-cutter.com).mp4",
      "PlaybackSpeed": 1.0
    },
    {
      "FilePath": "D:\\LiveWallpapers\\full-moon-samurai.1920x1080.mp4",
      "PlaybackSpeed": 1.0
    },
    {
      "FilePath": "D:\\LiveWallpapers\\black-background-with-goku-dragon-ball-z.1920x1080.mp4",
      "PlaybackSpeed": 1.0
    },
    {
      "FilePath": "D:\\LiveWallpapers\\nissan-gtr-moewalls-com.mp4",
      "PlaybackSpeed": 1.0
    },
    {
      "FilePath": "D:\\LiveWallpapers\\nissan-gt-r35-liberty-walk-moewalls-com.mp4",
      "PlaybackSpeed": 1.0
    }
  ]
}